insert into contact_person("id", "first_name", "last_name", "social_security", "address", "email", "phone")
values
  ('48b4119d-5ba3-499d-b63c-8d91b4ae2afd','Mercedes','Hardin',196793749642,'P.O. Box 344, 5786 Arcu St.','id@yahoo.ca','1-278-535-7423'),
  ('2ee63014-a8b9-448f-9ba5-0e1f457f5bd1','Debra','Wilkinson',197103692399,'P.O. Box 540, 550 Cubilia Ave','non@yahoo.couk','1-627-476-5687'),
  ('ff30d924-09b2-4574-8b02-10d954cdc6a9','Linda','Travis',197454992907,'Ap #569-915 Enim Rd.','dui.quis@google.com','1-588-688-6858'),
  ('ea80bc63-6f86-49fd-81b6-0d65de366c87','Shelly','Barr',198242475846,'2684 Laoreet St.','arcu.eu@hotmail.net','1-900-684-6894'),
  ('a092801e-977c-47f4-9c40-fc4ed388f2a0','Griffin','Hester',197546951205,'618-1833 Euismod Rd.','interdum.sed.auctor@icloud.ca','1-578-820-6143'),
  ('b9180f41-eab7-41b5-8a39-1ccff4f2527c','Abbot','Sparks',198393303194,'P.O. Box 509, 7908 Et St.','urna.nunc.quis@yahoo.couk','1-154-414-6555'),
  ('ca7de15c-905d-48c4-ad02-48d8f6a9a502','Maggie','Warren',197299922840,'Ap #959-8208 Sed Rd.','nullam@protonmail.ca','1-369-738-9353'),
  ('bcf435d1-67a8-418d-87b9-b08ccb25b551','Gregory','Knowles',196851891570,'Ap #187-8366 Diam Street','pede.et.risus@outlook.org','1-252-808-0017'),
  ('6bbccdab-6032-4024-b342-b3a65fbdbb0b','Emery','Jimenez',199858394480,'Ap #923-4447 Erat, Road','accumsan.interdum@outlook.org','1-631-248-2722'),
  ('fb461a5a-b825-4e16-813a-6d54f9c88932','Hiram','Bird',197560745603,'516-2366 Nullam Avenue','diam@outlook.com','1-571-842-5341'),
  ('9393e41a-09ef-477d-a3f6-b168aa4d5338','Arthur','Blanchard',196641967229,'Ap #485-3953 In Street','ipsum.porta@yahoo.org','1-622-566-6338'),
  ('a2698da1-2a60-46df-89b2-5755bffb4820','Yeo','Knapp',196561012523,'Ap #471-8849 Ac Avenue','gravida.praesent.eu@protonmail.couk','1-694-547-7376'),
  ('215be04c-63f3-4ca8-b8c0-5a7275f379c3','Renee','Gibson',197468121750,'510-1247 Libero Avenue','nunc.quis@hotmail.com','1-575-432-2411'),
  ('ae2bccc2-4fa3-463b-8090-36d5c6e402fa','Murphy','Rich',199928379843,'256-5648 Fringilla Rd.','varius.ultrices.mauris@yahoo.com','1-636-801-4309'),
  ('640185f3-2665-4294-805e-859f7d14a72a','Dante','Craft',196009326350,'9561 Consectetuer Road','lacinia.orci.consectetuer@yahoo.net','1-585-748-7243'),
  ('c2493276-d387-46d8-a2aa-84c56467b723','Jamalia','Willis',196756709537,'Ap #114-1052 Urna. Av.','felis.nulla@outlook.net','1-703-372-5469'),
  ('1c0296f0-05c6-4562-9de1-35ccb81d7c80','Charles','Poole',196261972547,'319-6250 At Road','ligula.aenean@google.ca','1-262-668-8368'),
  ('d9a06dfa-2250-4cf6-a5e7-559833ca07cd','Nayda','Pope',199083714972,'Ap #653-2438 Sollicitudin Rd.','sed.molestie.sed@icloud.edu','1-490-750-1079'),
  ('a36fe252-2543-4d10-aa3a-5673ec35d3b0','Faith','Colon',197846701509,'706-5107 Libero. Rd.','augue.ut.lacus@icloud.org','1-688-480-2692'),
  ('631c6e2e-6c05-425a-9cb1-92511ce643ca','Jorden','Dodson',198069719476,'675-4872 Eros. Road','phasellus@aol.couk','1-785-262-1791'),
  ('e211c672-a61d-4f55-8201-c8d7dceede48','Ruth','Harvey',196788814484,'P.O. Box 619, 9402 Id St.','aliquam.nisl.nulla@outlook.org','1-548-614-9081'),
  ('25018c53-447f-48bf-bdab-a21d241cbb32','Inez','Shields',196994775610,'8920 Eu St.','nec.luctus@yahoo.couk','1-371-818-2664'),
  ('09483d0d-0aa3-4e8b-9500-84804f15762f','Bert','Rasmussen',196394437411,'Ap #266-7545 Quisque Rd.','cras.dolor.dolor@yahoo.ca','1-148-840-2787'),
  ('5370241c-1326-4c49-9e98-3e9da924e42b','Quynn','Hodge',198803716998,'272-241 Consectetuer Rd.','cursus.purus@google.com','1-221-534-5377'),
  ('1b826399-7446-4c7d-a01b-47dfcea9cbfa','Callie','Aguirre',196117494964,'747-5318 Suspendisse Road','ullamcorper@outlook.couk','1-363-667-9467'),
  ('da91ac05-cde1-43e3-870f-d0516aaecd30','Travis','Cooke',199645807499,'7824 Luctus St.','mauris.ut@aol.edu','1-342-477-4863'),
  ('87c48c8d-82b9-4b75-a1c3-af8a60a717f7','Ira','Chang',199387382668,'Ap #681-6547 Enim St.','turpis.aliquam@icloud.net','1-421-297-7743'),
  ('2e9c19e8-e6cf-4564-8e7d-be7b6e888f18','Caesar','Phelps',198464826010,'729-1857 Donec Rd.','magna@yahoo.edu','1-925-428-0696'),
  ('8ae4361b-dfa1-43e5-92f4-fee21d7a9a00','Maggy','Burks',199595822220,'Ap #471-1584 Suspendisse Road','commodo.ipsum.suspendisse@icloud.edu','1-603-303-4347'),
  ('172af6f2-ba64-476e-b98f-b3b01be45d52','Brett','Kelley',196957759094,'715-3113 Purus Ave','lorem.ipsum@yahoo.couk','1-615-331-4295'),
  ('0e83e511-a44a-4389-8bb8-323c518eb722','Halee','Tyler',196028428544,'Ap #227-6664 Sem, Avenue','massa.vestibulum.accumsan@protonmail.com','1-949-395-9377'),
  ('dc110709-0995-4d82-9320-7131913bf4e9','Dolan','Poole',199943664015,'320-5587 Dapibus Rd.','elit.pretium@protonmail.couk','1-681-218-3287'),
  ('bde957b8-8338-4a30-bdfd-b11d2d56c689','Daryl','Stanley',196839537099,'P.O. Box 256, 9909 Nibh. Rd.','purus.accumsan@protonmail.org','1-444-745-7578'),
  ('507b4685-59b6-427c-996b-636cc6ae15d0','Odysseus','Velazquez',199080180251,'236-4434 Lacinia Avenue','dictum.proin@aol.net','1-478-333-4056'),
  ('d846f2a4-8a07-4c7c-b10c-cb2984c68b48','Jael','Ruiz',197901792364,'Ap #366-9919 Rhoncus. Ave','erat.eget.ipsum@icloud.ca','1-539-377-2589'),
  ('0f896b9d-634a-495c-9ace-91e1cbafef5d','Elvis','Reese',197696707219,'910-7689 Id Avenue','class.aptent@google.couk','1-270-315-3631'),
  ('a6a508d9-b9d1-4bb6-aa56-293ba75cd8cc','Slade','Morris',199796995654,'Ap #310-3104 Erat St.','id@icloud.ca','1-831-316-1574'),
  ('ea336757-84fe-47a9-b04f-58f228c09ea6','Lacota','Herring',197560046727,'P.O. Box 399, 9038 Ultricies Ave','in@yahoo.com','1-751-376-9121'),
  ('846fe98b-323f-4508-bf56-6059a3aff4f3','Julie','Mitchell',198119726759,'3865 Rutrum, Road','ipsum.dolor@outlook.ca','1-371-473-2625'),
  ('e9280e1b-6422-4373-bd0f-c668850bf4d2','Felicia','Buckner',199857832525,'P.O. Box 236, 7827 Morbi Ave','ipsum.dolor.sit@yahoo.org','1-486-522-4620'),
  ('3dfc0845-e8cf-4762-81bb-56a9096a08c1','Bernard','Barker',196610827666,'328-1946 Tortor Rd.','curabitur@aol.com','1-135-751-6834'),
  ('05ad0188-0de1-40d3-bcbc-aa70a3f54d3b','Ulysses','Wade',196355486823,'P.O. Box 561, 3163 Vel, Road','eget.venenatis.a@google.couk','1-589-241-1626'),
  ('e30e1c78-bc1d-4c0a-b86d-4fc20d0b74b7','Drew','English',198661840788,'Ap #595-2708 Class Rd.','vestibulum@outlook.net','1-268-666-6423'),
  ('a5cfd225-59ca-4ee1-abe2-ad159dd71eff','Mariko','Dillon',198838146763,'Ap #466-4685 Odio. Av.','semper.et@google.com','1-398-529-9715'),
  ('20e8e610-91cd-4560-90fa-0a1c7942f257','Stone','Terry',198323491415,'8663 Per Av.','non.lacinia@icloud.ca','1-325-784-6185'),
  ('509ab87c-41a1-4884-8332-fb5c65119a98','August','Puckett',199154942528,'286-543 Lacus. Street','sit.amet.ultricies@protonmail.org','1-832-115-5401'),
  ('92f03981-811e-4d3b-80ac-613900f86ec9','Shad','Albert',199895443804,'Ap #114-4477 Nec St.','sem.magna@yahoo.org','1-566-437-3617'),
  ('48e470fa-1722-4a76-9260-2bc66c79b0cf','Upton','Calhoun',196985476106,'309-5822 Non, Avenue','vivamus@outlook.com','1-639-242-4848'),
  ('66afe256-0ae5-4e85-b6fb-85f8ddf1a438','Erasmus','Thomas',196105793417,'P.O. Box 938, 3837 Aenean Avenue','eu@icloud.couk','1-811-673-5358'),
  ('4ea14b19-292b-4c3f-9e86-b0c41573e44c','Chanda','Workman',199773461298,'P.O. Box 603, 5809 A, Rd.','tempus.scelerisque@icloud.org','1-845-564-2304'),
  ('b4ee1165-7d44-40c5-89af-18de75ea614c','Robert','English',199234129117,'Ap #980-3545 Nonummy St.','malesuada.fames@icloud.org','1-188-258-3745'),
  ('c9195ccd-07a9-4650-85da-2fddcecaf16f','Nasim','Bruce',196089295554,'Ap #904-6880 Metus. Rd.','nibh.lacinia@icloud.org','1-224-737-2634'),
  ('8ab33183-5325-43ea-a66b-87f7ad28264c','Mollie','Carpenter',197779007506,'P.O. Box 775, 5226 Sed, Rd.','dolor@aol.couk','1-896-457-9156');

INSERT INTO instructor ("id", "first_name","last_name","address","social_security","email","phone", "contact_person_id")
VALUES
  ('1aa82abe-8a8c-4788-bb23-81bfab28df05', 'Cheryl','Sexton','Ap #503-9312 Dolor Avenue',19673099082,'nibh.sit@hotmail.ca','1-248-825-0072','48b4119d-5ba3-499d-b63c-8d91b4ae2afd'),
  ('5ec8527b-4bfe-48c1-9320-89b0dde7a848', 'Orla','Fox','Ap #190-6484 Ligula. Street',26794555769,'cras.eget@protonmail.net','1-768-545-5782','2ee63014-a8b9-448f-9ba5-0e1f457f5bd1'),
  ('d83e58d9-5d52-469c-b730-4946753b092c','Joshua','Kirk','402-2717 Vitae Ave',65531227785,'pede.nunc.sed@hotmail.edu','1-593-267-6936','ff30d924-09b2-4574-8b02-10d954cdc6a9'),
  ('2a801b51-2081-4564-9520-77c28cc2e0ba','Britanni','Hawkins','Ap #736-3679 Lectus St.',92682135763,'ullamcorper.duis@yahoo.com','1-313-661-0551','ea80bc63-6f86-49fd-81b6-0d65de366c87'),
  ('467ba9ff-6075-4591-9b7a-576743a6f0b1','Mariam','Clay','Ap #453-2750 Velit. Av.',6342546396,'egestas@aol.edu','1-483-122-7457','a092801e-977c-47f4-9c40-fc4ed388f2a0'),
  ('448fcb25-0c74-453b-b585-c29a90b0db5e','Deirdre','Davenport','Ap #342-7665 Mattis Rd.',63301114713,'ornare.in@outlook.couk','1-477-777-5527','b9180f41-eab7-41b5-8a39-1ccff4f2527c'),
  ('a04ea39e-987c-4935-8f9e-63a91a455f3f', 'Astra','Foster','Ap #902-8529 Aliquet Rd.',46191796867,'consequat.enim@icloud.ca','1-644-246-1563','ca7de15c-905d-48c4-ad02-48d8f6a9a502'),
  ('5d6d3385-ec3d-41ad-8b49-252d08bb7435', 'Reed','Coffey','Ap #366-7674 Aliquam, St.',89768078249,'egestas.lacinia@aol.net','1-830-325-0201','bcf435d1-67a8-418d-87b9-b08ccb25b551'),
  ('9fc73c16-5806-4215-a56e-1d3dbc30abd2', 'Mallory','Middleton','506-3768 Lorem Av.',27010474665,'ipsum.dolor@google.org','1-683-517-1713','6bbccdab-6032-4024-b342-b3a65fbdbb0b'),
  ('d031728b-53fb-4b4b-ad72-f57ffa1753c1','Samantha','Mcknight','P.O. Box 409, 8719 A, Street',11717268689,'fermentum.metus.aenean@yahoo.edu','1-729-781-9578','fb461a5a-b825-4e16-813a-6d54f9c88932');


INSERT INTO student ("id", "first_name", "last_name", "social_security", "address", "email", "phone", "contact_person_id")
VALUES
  ('d9f8ccfc-339a-4054-b740-cd081886bafe', 'Roth', 'Stokes', 90463299893, '3384 Elementum Av.', 'lorem.donec@outlook.com', '1-280-114-5697','9393e41a-09ef-477d-a3f6-b168aa4d5338'),
  ('a35b8f38-0909-4af5-b4af-32cf58ae9129', 'Thor', 'Hardy', 100467707163, 'P.O. Box 243, 711 Ullamcorper Avenue', 'in.scelerisque.scelerisque@aol.com','1-280-114-5698','a2698da1-2a60-46df-89b2-5755bffb4820'),
  ('00aec2fb-c652-42af-8ed1-272b6697afc3', 'Dawn', 'Huber', 163081530102, '239-1238 Magna. Ave', 'aliquam@yahoo.com', '1-436-513-8307','215be04c-63f3-4ca8-b8c0-5a7275f379c3'),
  ('df411466-8598-4c13-9959-14317d50d2d3', 'Malachi', 'Martin', 96214322280, 'P.O. Box 269, 699 Suspendisse Street', 'orci.lobortis@aol.edu', '1-574-621-8706','ae2bccc2-4fa3-463b-8090-36d5c6e402fa'),
  ('58d6fbee-722b-4a83-9f86-6e7b595bb7f8', 'Lana', 'Bonner', 33261215784, '164-2671 Et Ave', 'ac.tellus.suspendisse@hotmail.com', '1-521-275-3188','640185f3-2665-4294-805e-859f7d14a72a'),
  ('7f3697bf-f797-4edf-b6ae-e9173e971649', 'Hadley', 'Solis', 183943432083, 'P.O. Box 264, 1524 Tempus Street', 'nascetur.ridiculus@hotmail.ca', '1-242-850-5961','640185f3-2665-4294-805e-859f7d14a72a'),
  ('6ef1c19e-97fd-4ec5-ae3b-7b1a30d3cb0a', 'Kennedy', 'Burton', 80665293954, 'Ap #394-1400 Posuere Av.', 'ut@protonmail.edu', '1-884-668-2695','1c0296f0-05c6-4562-9de1-35ccb81d7c80'),
  ('a7501bd2-4c6c-4981-95e8-ecc41e5d0726', 'Chanda', 'Jarvis', 84881159718, '584-7852 Mauris St.', 'pellentesque.tellus.sem@aol.net', '1-268-754-4437','d9a06dfa-2250-4cf6-a5e7-559833ca07cd'),
  ('b331d1b5-d2d3-4ef3-8281-921cd04df90d', 'Hanna', 'Day', 139818375657, '759-4362 Interdum Avenue', 'integer.mollis@aol.ca', '1-318-997-2869','a36fe252-2543-4d10-aa3a-5673ec35d3b0'),
  ('36a01ef2-d699-4346-ba2a-919382328303', 'Ava', 'Ortega', 164156271173, 'Ap #295-6681 Phasellus Ave', 'nulla@yahoo.edu', '1-820-565-3770','631c6e2e-6c05-425a-9cb1-92511ce643ca'),
  ('e6b101c4-3edb-413d-8e4e-7ea20f2694e3', 'Drake', 'Hutchinson', 173394196955, 'Ap #965-5298 Id, Av.', 'magna.sed.dui@google.couk', '1-411-711-4747','e211c672-a61d-4f55-8201-c8d7dceede48'),
  ('9e210d44-2bb1-4b54-929d-7eeded737d95', 'Armando', 'Robinson', 21536733629, 'Ap #905-7332 Sagittis Street', 'nunc.ut@yahoo.couk', '1-536-237-4420','25018c53-447f-48bf-bdab-a21d241cbb32'),
  ('8097b3ba-4652-48b1-a4a8-f3692a6dd83a', 'Stone', 'Wise', 117765911004, 'P.O. Box 515, 9753 Ornare St.', 'mi.tempor@outlook.edu', '1-258-750-6631','09483d0d-0aa3-4e8b-9500-84804f15762f'),
  ('fd39e450-3782-4fc8-b887-8ff3dd60349d', 'Brenda', 'Schmidt', 86329076036, '842-5875 Sem, Rd.', 'sed.auctor.odio@yahoo.net', '1-348-609-5126','5370241c-1326-4c49-9e98-3e9da924e42b'),
  ('9ccf7940-aed2-4914-8f9f-28505b6bec8e', 'Yoko', 'Kemp', 70565977919, 'Ap #697-5679 Aliquet Rd.', 'quis.diam@outlook.com', '1-323-723-4217','1b826399-7446-4c7d-a01b-47dfcea9cbfa'),
  ('2c50e9f0-92c2-40a8-8948-450c5e479774', 'Sara', 'Dalton', 153273318791, '3624 Phasellus Rd.', 'mollis.lectus.pede@protonmail.couk', '1-444-537-0062','da91ac05-cde1-43e3-870f-d0516aaecd30'),
  ('e558421e-c90c-4419-b315-858469565466', 'Alice', 'Neal', 188174687209, 'Ap #827-5530 Erat St.', 'ultricies.dignissim@yahoo.net', '1-864-504-3825','87c48c8d-82b9-4b75-a1c3-af8a60a717f7'),
  ('9e50ee05-024d-4cdb-a8a3-450762c9b443', 'Flavia', 'Vance', 43932033781, '6240 Suspendisse St.', 'nunc@google.ca', '1-953-789-9172','2e9c19e8-e6cf-4564-8e7d-be7b6e888f18'),
  ('30dba079-6939-40a3-8207-baa38b9feae1', 'Brenda', 'Madden', 156717491196, 'Ap #718-3161 Egestas. Street', 'tempor.est.ac@protonmail.net', '1-367-940-1125','8ae4361b-dfa1-43e5-92f4-fee21d7a9a00'),
  ('ae8c641f-3657-476f-816e-98b286f02e79', 'Julie', 'Blankenship', 80197157527, '312-4430 Donec Ave', 'vestibulum.accumsan@aol.net', '1-676-675-3168','172af6f2-ba64-476e-b98f-b3b01be45d52'),
  ('5bedbf13-6c70-4a37-8e96-533e88478180', 'Ora', 'Warren', 15380924713, 'P.O. Box 148, 6306 Venenatis St.', 'ornare.lectus.ante@outlook.couk', '1-815-794-9697','0e83e511-a44a-4389-8bb8-323c518eb722'),
  ('e880fb2e-10f8-4161-8037-ff0ef4eadf2c', 'Shelby', 'Mendez', 51293234964, 'Ap #539-6364 Hendrerit Rd.', 'adipiscing.enim@protonmail.net', '1-566-875-3746','dc110709-0995-4d82-9320-7131913bf4e9'),
  ('030ef828-8d3c-4329-aa10-45c34e67a915', 'Justin', 'Webster', 172126902479, 'Ap #628-6203 Nullam Road', 'tellus.sem@aol.com', '1-777-445-4611','bde957b8-8338-4a30-bdfd-b11d2d56c689'),
  ('84dcdbea-438f-4975-b81f-a4fb572e2250', 'Colton', 'Copeland', 35828869060, '9274 Eu Rd.', 'scelerisque.scelerisque.dui@outlook.edu', '1-318-871-5250','507b4685-59b6-427c-996b-636cc6ae15d0'),
  ('618403e3-8456-4ead-99c7-abe6bed2c322', 'Vivien', 'Henderson', 29649945021, '225-3850 Et Street', 'purus.ac@hotmail.ca', '1-425-657-7179','d846f2a4-8a07-4c7c-b10c-cb2984c68b48'),
  ('b58e95f1-2c31-417d-9db4-a235a8497287', 'Roth', 'Hopper', 73460610784, 'P.O. Box 488, 5569 Ut, Ave', 'dui.cum@aol.ca', '1-156-360-2725','0f896b9d-634a-495c-9ace-91e1cbafef5d'),
  ('896a8c48-9385-4a78-93b3-ae3e16207ae6', 'Yoshi', 'Larson', 137552494918, '9245 Dictum St.', 'et.magnis@yahoo.couk', '1-534-761-1828','a6a508d9-b9d1-4bb6-aa56-293ba75cd8cc'),
  ('009ce4ea-3a39-40b9-af43-01d7c2f38104', 'Gisela', 'Blevins', 154597024243, 'Ap #345-3364 Elit. Rd.', 'amet.ornare@yahoo.edu', '1-796-584-5958','ea336757-84fe-47a9-b04f-58f228c09ea6'),
  ('454cfb94-7c3d-425f-a034-dc73c3a0872e', 'Daniel', 'Moody', 162718907530, 'Ap #901-6606 Sed Road', 'suspendisse.tristique@protonmail.org', '1-315-634-2345','846fe98b-323f-4508-bf56-6059a3aff4f3'),
  ('bee7bb16-2374-4027-b990-34eac7d08939', 'Samantha', 'Mercado', 16387248166, 'Ap #104-8113 Eget, Rd.', 'vel@aol.org', '1-383-454-4147','e9280e1b-6422-4373-bd0f-c668850bf4d2'),
  ('b7bb2c08-60e5-4380-a45e-bb8109c5821c', 'Axel', 'Hunt', 109986574246, '596 Amet, Avenue', 'phasellus@google.com', '1-210-655-1587','3dfc0845-e8cf-4762-81bb-56a9096a08c1'),
  ('5506f985-7ede-423e-a195-9f6845f5c9cf', 'Madonna', 'Lyons', 132824306395, 'P.O. Box 584, 291 Dolor. Avenue', 'a.mi.fringilla@google.couk', '1-397-968-1161','05ad0188-0de1-40d3-bcbc-aa70a3f54d3b'),
  ('5042fa35-b6a8-4c3e-a3ea-3c0e4744c642', 'Chaim', 'Hoover', 151296112629, '376-1185 Enim. Rd.', 'orci.in.consequat@protonmail.org', '1-205-558-0650','e30e1c78-bc1d-4c0a-b86d-4fc20d0b74b7'),
  ('f319e055-3f40-4a43-b2e9-28895b9f9318', 'Blaze', 'Riddle', 125321860216, 'P.O. Box 551, 5213 Nunc Rd.', 'metus@yahoo.couk', '1-206-265-1705','a5cfd225-59ca-4ee1-abe2-ad159dd71eff'),
  ('ae3bd962-4b6b-435d-8272-23b821bfdda3', 'Lester', 'Day', 139630313542, '3580 Nonummy. Avenue', 'mauris.eu@protonmail.couk', '1-232-403-7880','20e8e610-91cd-4560-90fa-0a1c7942f257'),
  ('3d07209a-cf18-47dd-99d0-657ab7e47354', 'Yvonne', 'Weiss', 132733839304, '4105 Erat St.', 'massa.mauris@aol.edu', '1-674-231-8230','509ab87c-41a1-4884-8332-fb5c65119a98'),
  ('dbde18d1-302f-4487-aa8a-9a8a707fc4ca', 'Graham', 'Mayo', 27939181833, 'Ap #816-2802 Consectetuer Avenue', 'sagittis.duis@icloud.edu', '1-202-337-7663','92f03981-811e-4d3b-80ac-613900f86ec9'),
  ('253464f0-b9e1-49e2-b542-023aeda8d873', 'Lillith', 'Cantu', 89729070011, 'P.O. Box 926, 7484 Nonummy Street', 'dapibus.quam.quis@icloud.net', '1-127-782-5102','48e470fa-1722-4a76-9260-2bc66c79b0cf'),
  ('290ebb2e-8700-48a8-a059-9fa8e2e89f21', 'Keith', 'Herring', 20184261426, 'P.O. Box 825, 182 Sed Ave', 'quam.a@icloud.net', '1-835-536-7074','66afe256-0ae5-4e85-b6fb-85f8ddf1a438'),
  ('7ca42325-db7a-4e9f-8730-43ced9430ef3', 'Zahir', 'Rivera', 147001048099, 'Ap #397-9797 Maecenas Road', 'nibh.dolor@icloud.net', '1-548-443-4606','4ea14b19-292b-4c3f-9e86-b0c41573e44c'),
  ('aeb5ec38-4b42-4f44-9e3e-19b204564da4', 'Tanya', 'Anderson', 45848026809, '7063 Class Avenue', 'vulputate.velit@yahoo.ca', '1-633-779-7519','b4ee1165-7d44-40c5-89af-18de75ea614c'),
  ('1b1094b5-5a90-4f38-9b85-3cf609345f05', 'Kareem', 'Mcfarland', 146415263222, '819-675 Fringilla Av.', 'ultricies@outlook.edu', '1-664-848-6024','c9195ccd-07a9-4650-85da-2fddcecaf16f'),
  ('89e102f4-d1f8-49ef-a914-8fb8cc39bec7', 'Yasir', 'Lambert',58676452457,'5194 Rhoncus. St.','ut.molestie.in@google.com','1-836-524-6789','8ab33183-5325-43ea-a66b-87f7ad28264c');

INSERT INTO time_slot ("id", "start_time", "end_time")
VALUES
  ('9b82efbc-f6dd-4798-96d1-4e8a6f1942d8','2023-01-10 10:00:00', '2023-01-10 12:00:00'), -- lesson time
  ('b2493d12-df09-4208-81d8-a4b6688df8fe','2023-01-10 13:00:00', '2023-01-10 15:00:00'), -- lesson time
  ('7f647f2a-7978-44ae-ad2b-8838cd2582da','2023-01-11 10:00:00', '2023-01-11 12:00:00'), -- lesson time
  ('41064e7a-1086-4adb-9f71-d1b977fe6cb2','2023-01-11 13:00:00', '2023-01-11 15:00:00'), -- lesson time
  ('9353e8bc-21a9-4a89-8e34-ca9dfcbc3783','2023-02-10 10:00:00', '2023-02-10 12:00:00'), -- lesson time 
  ('316e34ca-c2a1-484f-b542-a87102d8f6cf','2023-02-11 10:00:00', '2023-02-11 12:00:00'), -- lesson time 
  ('874f979b-7587-4fe5-aa5b-1678c7cb66e8', '2023-01-01 00:00:00','2024-01-01 00:00:00'); -- Rent time for a instrument

INSERT INTO instructor_time_slots("instructor_id", "time_slot_id") 
values
  ('1aa82abe-8a8c-4788-bb23-81bfab28df05','9b82efbc-f6dd-4798-96d1-4e8a6f1942d8'), -- Cheryl Sexton, Time: 2023-01-10 10:00-12:00
  ('1aa82abe-8a8c-4788-bb23-81bfab28df05','b2493d12-df09-4208-81d8-a4b6688df8fe'), -- Cheryl Sexton, Time: 2023-01-10 13:00-15:00
  ('1aa82abe-8a8c-4788-bb23-81bfab28df05','7f647f2a-7978-44ae-ad2b-8838cd2582da'), -- Cheryl Sexton, Time: 2023-01-11 10:00-12:00
  ('5ec8527b-4bfe-48c1-9320-89b0dde7a848','9b82efbc-f6dd-4798-96d1-4e8a6f1942d8'), -- Orla Fox, Time: 2023-01-10 10:00-12:00
  ('d83e58d9-5d52-469c-b730-4946753b092c','9353e8bc-21a9-4a89-8e34-ca9dfcbc3783'), -- Joshua Kirk, Time: 2023-02-10 10:00-12:00
  ('2a801b51-2081-4564-9520-77c28cc2e0ba','316e34ca-c2a1-484f-b542-a87102d8f6cf'), -- Britannia Hawkins, Time: 2023-02-11 10:00-12:00
  ('9fc73c16-5806-4215-a56e-1d3dbc30abd2','316e34ca-c2a1-484f-b542-a87102d8f6cf'), -- Mary Middelton, Time: 2023-02-11 10:00-12:00
  ('9fc73c16-5806-4215-a56e-1d3dbc30abd2','9353e8bc-21a9-4a89-8e34-ca9dfcbc3783'); -- Mary Middelton, Time: 2023-02-10 10:00-12:00

insert into price("id", "class_type", "level", "sibling_discount", "cost")
values 
	('3ced36ff-78fb-4685-9e61-21e12284bf34', 'group', 'beginner', 50, 200),
	('797aa906-fba9-4b17-b9c3-27d60f75cb38', 'group', 'intermediate', 50, 400),
	('01989eed-db7d-40a2-81fb-fa72c01486ff', 'group', 'advanced', 50, 800),
	('ed0e122a-945d-40bb-8a76-47e1ca6f8110', 'ensemble', 'beginner', 50, 300),
	('59f9d235-22b3-4680-ad5c-e215132ff368', 'ensemble', 'intermediate', 50, 600),
	('7cb8200c-f725-4280-afd7-09816162ba93', 'ensemble', 'advanced', 50, 900),
	('5c43a49c-5814-4cba-b2be-927d9bafd257', 'individual', 'beginner', 50, 500),
	('b5196ad2-b17a-429c-826e-102568695a3d', 'individual', 'intermediate', 50, 1000),
	('c61ad9e2-ee1e-4b28-bf6e-def39ad481e6', 'individual', 'advanced', 50, 2000);


 
insert into instrument_type(name)
values
	('Piano'),
	('Guitar'),
	('Violin'),
	('Drums'),
  ('Trumpet');
 
INSERT INTO group_lesson("id","level", "min_students", "max_students", "price_id", "instructor_id", "instrument_type_name", "time_slot_id", "instructor_pay")
VALUES 
    ('51357404-e596-47c9-8533-282edde5a620','beginner', 3, 6, '3ced36ff-78fb-4685-9e61-21e12284bf34', '1aa82abe-8a8c-4788-bb23-81bfab28df05', 'Piano', '9b82efbc-f6dd-4798-96d1-4e8a6f1942d8','200'), 
    -- Lesson at time 2023-01-10 10:00-12:00 with Cheryl Sexton
    ('512eba75-756a-43ef-9feb-3d5d35f0b03e','intermediate', 5, 10,'797aa906-fba9-4b17-b9c3-27d60f75cb38', '1aa82abe-8a8c-4788-bb23-81bfab28df05', 'Violin', 'b2493d12-df09-4208-81d8-a4b6688df8fe', '400');
    -- Lesson with Cheryl Sexton at time: 2023-01-10 13:00-15:00
INSERT INTO ensemble_lesson("id","level", "min_students", "max_students", "genre" ,"price_id", "instructor_id", "time_slot_id","instructor_pay")
VALUES 
    ('ce9b764e-df3d-4f01-8274-820d131b30ab','beginner', 3, 6, 'Clasical', 'ed0e122a-945d-40bb-8a76-47e1ca6f8110', '1aa82abe-8a8c-4788-bb23-81bfab28df05', '7f647f2a-7978-44ae-ad2b-8838cd2582da', '300'), 
    -- Lesson with Cheryl Sexton at time: 2023-01-11 10:00-12:0
    ('406c66e3-0c8f-4fbc-96cc-a573fab45c06','intermediate', 5, 10, 'Rock','59f9d235-22b3-4680-ad5c-e215132ff368', 'd83e58d9-5d52-469c-b730-4946753b092c', '9353e8bc-21a9-4a89-8e34-ca9dfcbc3783', '600');
    -- Lesson with Joshua Kirk at time: 2023-02-10 10:00-12:00

INSERT INTO individual_lesson("id","level", "price_id", "instructor_id", "time_slot_id", "instrument_type_name", "instructor_pay")
VALUES 
  ('ec31c6bd-331f-4014-bb9d-9f07670003cc','Advanced', 'c61ad9e2-ee1e-4b28-bf6e-def39ad481e6', '9fc73c16-5806-4215-a56e-1d3dbc30abd2','316e34ca-c2a1-484f-b542-a87102d8f6cf', 'Guitar', '2000'),
  -- Lesson with Mary Middelton at time: 2023-02-11 10:00-12:00
  ('689a76d9-c9fb-451a-a716-8f0ffd30a8b7','intermediate','b5196ad2-b17a-429c-826e-102568695a3d', '5ec8527b-4bfe-48c1-9320-89b0dde7a848','9b82efbc-f6dd-4798-96d1-4e8a6f1942d8', 'Trumpet', '100');
  -- Lesson with Orla Fox at time: 2023-01-10 10:00-12:00
insert into group_lesson_student("group_lesson_id", "student_id", "price", "state")
values  
  ('51357404-e596-47c9-8533-282edde5a620', 'd9f8ccfc-339a-4054-b740-cd081886bafe', '150', 'accepted'), -- Roth Stokes has a sibling Rents a guitar 
  ('51357404-e596-47c9-8533-282edde5a620', 'a35b8f38-0909-4af5-b4af-32cf58ae9129', '150', 'accepted'), -- Tom Hardy has a sibling  Rents a violin 
  ('51357404-e596-47c9-8533-282edde5a620', '7f3697bf-f797-4edf-b6ae-e9173e971649', '200', 'accepted'), -- Hardley Solis has no sibling REnts a piano
  ('51357404-e596-47c9-8533-282edde5a620', '6ef1c19e-97fd-4ec5-ae3b-7b1a30d3cb0a', '150', 'accepted'), -- Kennedy Burton has no sibling Rents a violin
  ('51357404-e596-47c9-8533-282edde5a620', 'a7501bd2-4c6c-4981-95e8-ecc41e5d0726', '200', 'accepted'), -- Chanda Jarvis has no sibling Rents a trumpet
  ('51357404-e596-47c9-8533-282edde5a620', 'b331d1b5-d2d3-4ef3-8281-921cd04df90d', '200', 'accepted'), -- Hanna Day has no sibling
  -- New group lesson 
  ('512eba75-756a-43ef-9feb-3d5d35f0b03e', 'df411466-8598-4c13-9959-14317d50d2d3', '350', 'accepted'), -- Malachi Martin has a sibling
  ('512eba75-756a-43ef-9feb-3d5d35f0b03e', '36a01ef2-d699-4346-ba2a-919382328303', '400', 'accepted'), -- Ava Ortega has no sibling 
  ('512eba75-756a-43ef-9feb-3d5d35f0b03e', 'e6b101c4-3edb-413d-8e4e-7ea20f2694e3', '400', 'accepted'), -- Drake Hutchinson has no sibling 
  ('512eba75-756a-43ef-9feb-3d5d35f0b03e', '9e210d44-2bb1-4b54-929d-7eeded737d95', '400', 'accepted'), -- Armando Robinson has no sibling 
  ('512eba75-756a-43ef-9feb-3d5d35f0b03e', '8097b3ba-4652-48b1-a4a8-f3692a6dd83a', '400', 'accepted'); -- Stone Wise has no sibling 

INSERT INTO ensemble_lesson_instrument("ensemble_lesson_id", "instrument_type_name")
values
  ('ce9b764e-df3d-4f01-8274-820d131b30ab', 'Piano'),
  ('ce9b764e-df3d-4f01-8274-820d131b30ab', 'Violin'),
  ('406c66e3-0c8f-4fbc-96cc-a573fab45c06', 'Drums'),
  ('406c66e3-0c8f-4fbc-96cc-a573fab45c06', 'Guitar');

  
insert into ensemble_lesson_student("ensemble_lesson_id", "student_id", "price", "state")
values
  ('ce9b764e-df3d-4f01-8274-820d131b30ab', '6ef1c19e-97fd-4ec5-ae3b-7b1a30d3cb0a', '250', 'accepted'), -- Kennedy Burton has no sibling
  ('ce9b764e-df3d-4f01-8274-820d131b30ab', 'a7501bd2-4c6c-4981-95e8-ecc41e5d0726', '300', 'accepted'), -- Chanda Jarvis has no sibling
  ('ce9b764e-df3d-4f01-8274-820d131b30ab', 'b331d1b5-d2d3-4ef3-8281-921cd04df90d', '300', 'accepted'), -- Hanna Day has no sibling
  ('ce9b764e-df3d-4f01-8274-820d131b30ab', 'df411466-8598-4c13-9959-14317d50d2d3', '250', 'accepted'), -- Malachi Martin has a sibling
  ('ce9b764e-df3d-4f01-8274-820d131b30ab', '36a01ef2-d699-4346-ba2a-919382328303', '300', 'accepted'), -- Ava Ortega has no sibling 
  ('ce9b764e-df3d-4f01-8274-820d131b30ab', 'e6b101c4-3edb-413d-8e4e-7ea20f2694e3', '300', 'accepted'), -- Drake Hutchinson has no sibling 
  -- New ensemble lesson 
  ('406c66e3-0c8f-4fbc-96cc-a573fab45c06', '58d6fbee-722b-4a83-9f86-6e7b595bb7f8', '550', 'accepted'), -- Lana Bonner has a sibling
  ('406c66e3-0c8f-4fbc-96cc-a573fab45c06', 'ae8c641f-3657-476f-816e-98b286f02e79', '600', 'accepted'), -- Juile Blankenship has no sibling
  ('406c66e3-0c8f-4fbc-96cc-a573fab45c06', '89e102f4-d1f8-49ef-a914-8fb8cc39bec7', '600', 'accepted'), -- Yasir Lambert has no sibling  
  ('406c66e3-0c8f-4fbc-96cc-a573fab45c06', '00aec2fb-c652-42af-8ed1-272b6697afc3', '550', 'accepted'), -- Dawn Huber has a sibling
  ('406c66e3-0c8f-4fbc-96cc-a573fab45c06', 'dbde18d1-302f-4487-aa8a-9a8a707fc4ca', '600', 'accepted'); -- Graham Mayo has no sibling

insert into individual_lesson_student("individual_lesson_id", "student_id", "price", "state")
values
  ('ec31c6bd-331f-4014-bb9d-9f07670003cc', 'd9f8ccfc-339a-4054-b740-cd081886bafe', '1950', 'accepted'), -- Roth Stokes has a sibling
  ('689a76d9-c9fb-451a-a716-8f0ffd30a8b7', 'e880fb2e-10f8-4161-8037-ff0ef4eadf2c', '1000', 'accepted'); -- Shelby Mendez has no sibling
-- INSERT INTO group_lesson_student ("group_lesson_id", "student_id", "price", "state") 
-- VALUES (
--     'group_lesson_id',
--     'student_id',
--     (
--         SELECT 
--             CASE 
--                 WHEN EXISTS (
--                     SELECT 1
--                     FROM sibling s
--                     WHERE (s.student_1 = 'student_id' OR s.student_2 = 'student_id')
--                 )
--                 THEN p.cost - COALESCE(p.sibling_discount, 0)
--                 ELSE p.cost
--             END AS price
--         FROM price p
--         JOIN group_lesson gl ON p.id = gl.price_id 
--         WHERE gl.id = 'group_lesson_id'
--     ),

--     'accepted'
-- );

insert into instrument("id", "price", "instrument_type_name", "student_id", "time_slot_id")
values
  ('8bac6acc-e838-403f-a47a-f40eb28d92ab','300','Guitar','d9f8ccfc-339a-4054-b740-cd081886bafe','874f979b-7587-4fe5-aa5b-1678c7cb66e8'), 
  -- All instruments are rented at the same time, the begining of the year
  ('fb138269-dc8a-4564-8fe8-494b92644dfd','500','Violin','a35b8f38-0909-4af5-b4af-32cf58ae9129','874f979b-7587-4fe5-aa5b-1678c7cb66e8'),
  ('9111f7e5-1b4b-4bbc-8bcc-95983a7bc9ae','200','Piano','7f3697bf-f797-4edf-b6ae-e9173e971649','874f979b-7587-4fe5-aa5b-1678c7cb66e8'),
  ('5efe07a2-3ae2-4eb4-97ca-da0be1fae9bd','600','Guitar','58d6fbee-722b-4a83-9f86-6e7b595bb7f8','874f979b-7587-4fe5-aa5b-1678c7cb66e8'),
  ('d14314e0-1ea3-4de5-b0f2-924fb34f6d1d','1000','Drums','ae8c641f-3657-476f-816e-98b286f02e79','874f979b-7587-4fe5-aa5b-1678c7cb66e8'),
  ('128a8cff-9141-4bdd-9ceb-8457ba447704','1500','Violin','6ef1c19e-97fd-4ec5-ae3b-7b1a30d3cb0a','874f979b-7587-4fe5-aa5b-1678c7cb66e8'),
  ('3397761b-c1fc-4c18-9a1f-c754ac0df193','900','Trumpet','a7501bd2-4c6c-4981-95e8-ecc41e5d0726','874f979b-7587-4fe5-aa5b-1678c7cb66e8'),
  ('59582c91-db72-44d9-b37c-d04b5defde0b','1600','Trumpet',NULL,NULL); -- Det finns ett instrument som inte 채r hyrd av n책gon

/*
insert into instrument("price", "instrument_type_name", "student_id", "time_slot_id")
values
  ('300','Guitar','d9f8ccfc-339a-4054-b740-cd081886bafe','874f979b-7587-4fe5-aa5b-1678c7cb66e8'), 
  -- All instruments are rented at the same time, the begining of the year
  ('500','Violin','a35b8f38-0909-4af5-b4af-32cf58ae9129','874f979b-7587-4fe5-aa5b-1678c7cb66e8'),
  ('200','Piano','7f3697bf-f797-4edf-b6ae-e9173e971649','874f979b-7587-4fe5-aa5b-1678c7cb66e8'),
  ('600','Guitar','58d6fbee-722b-4a83-9f86-6e7b595bb7f8','874f979b-7587-4fe5-aa5b-1678c7cb66e8'),
  ('1000','Drums','ae8c641f-3657-476f-816e-98b286f02e79','874f979b-7587-4fe5-aa5b-1678c7cb66e8'),
  ('1500','Violin','6ef1c19e-97fd-4ec5-ae3b-7b1a30d3cb0a','874f979b-7587-4fe5-aa5b-1678c7cb66e8'),
  ('900','Trumpet','a7501bd2-4c6c-4981-95e8-ecc41e5d0726','874f979b-7587-4fe5-aa5b-1678c7cb66e8'),
  ('1600','Trumpet',NULL,NULL); -- Det finns ett instrument som inte 채r hyrd av n책gon

*/

insert into instructor_instrument("instructor_id", "instrument_type_name")
values
  ('1aa82abe-8a8c-4788-bb23-81bfab28df05', 'Piano'),
  ('1aa82abe-8a8c-4788-bb23-81bfab28df05', 'Violin'),
  ('9fc73c16-5806-4215-a56e-1d3dbc30abd2', 'Guitar'),
  ('5ec8527b-4bfe-48c1-9320-89b0dde7a848', 'Trumpet'),
  ('d83e58d9-5d52-469c-b730-4946753b092c', 'Drums'),
  ('d83e58d9-5d52-469c-b730-4946753b092c', 'Guitar');
  

insert into sibling("student_1", "student_2")
values
  ('d9f8ccfc-339a-4054-b740-cd081886bafe', 'a35b8f38-0909-4af5-b4af-32cf58ae9129'), -- Roth Stokes and Thor Hardy are siblings
  ('a35b8f38-0909-4af5-b4af-32cf58ae9129', 'd9f8ccfc-339a-4054-b740-cd081886bafe'),
  
  ('00aec2fb-c652-42af-8ed1-272b6697afc3', 'df411466-8598-4c13-9959-14317d50d2d3'), -- Dawn Huber and Malachi Martin
  ('df411466-8598-4c13-9959-14317d50d2d3', '00aec2fb-c652-42af-8ed1-272b6697afc3'),

  
  ('df411466-8598-4c13-9959-14317d50d2d3', '58d6fbee-722b-4a83-9f86-6e7b595bb7f8'), -- Malachi Martin and Lana Bonner
  ('58d6fbee-722b-4a83-9f86-6e7b595bb7f8', 'df411466-8598-4c13-9959-14317d50d2d3'),

  
  ('00aec2fb-c652-42af-8ed1-272b6697afc3', '58d6fbee-722b-4a83-9f86-6e7b595bb7f8'), -- Dawn Huber and Lana Bonner
  ('58d6fbee-722b-4a83-9f86-6e7b595bb7f8', '00aec2fb-c652-42af-8ed1-272b6697afc3'); 

INSERT INTO historical_lesson (lesson_type, genre, instrument, price, student_name, student_email)
SELECT 
    'Individual Lesson' AS lesson_type,
    NULL AS genre,
    it.name AS instrument,
    ils.price AS price,
    CONCAT(s.first_name, ' ', s.last_name) AS student_name,
    s.email AS student_email
FROM individual_lesson_student ils
JOIN individual_lesson il ON ils.individual_lesson_id = il.id
JOIN instrument_type it ON il.instrument_type_name = it.name
JOIN student s ON ils.student_id = s.id;


INSERT INTO historical_lesson (lesson_type, genre, instrument, price, student_name, student_email)
SELECT 
    'Group Lesson',
    NULL as genre, 
    it.name AS instrument,
    gls.price AS price,
    CONCAT(s.first_name, ' ', s.last_name) AS student_name,
    s.email AS student_email
FROM group_lesson_student gls
JOIN group_lesson gl ON gls.group_lesson_id = gl.id
JOIN instrument_type it ON gl.instrument_type_name = it.name
JOIN student s ON gls.student_id = s.id;


INSERT INTO historical_lesson (lesson_type, genre, instrument, price, student_name, student_email)
SELECT 
    'Ensemble Lesson',
    el.genre AS genre,
    NULL AS instrument,
    els.price AS price,
    CONCAT(s.first_name, ' ', s.last_name) AS student_name,
    s.email AS student_email
FROM ensemble_lesson_student els
JOIN ensemble_lesson el ON els.ensemble_lesson_id = el.id

JOIN student s ON els.student_id = s.id;
